election_date,measure,committee_recipient_name,side,votes_for,votes_against,outcome,source_url,notes
2016-05-07,"Prop 1 — rideshare regulations",Ridesharing Works for Austin,for,39109,49208,failed,"https://ballotpedia.org/Austin,_Texas,_Proposition_1,_Transportation_Network_(Rideshare)_Requirements_Initiative_(May_2016)","Uber/Lyft-backed PAC sought to repeal the city's fingerprint background-check ordinance; voters rejected it. Certified totals."
2020-11-03,"Prop A — Project Connect transit tax",Mobility for All,for,242457,176166,passed,"https://ballotpedia.org/Austin,_Texas,_Proposition_A,_Property_Tax_(November_2020)","Pro-transit PAC (backed by mayor, council, chamber) campaigned FOR the Project Connect tax rate; it passed. Certified totals."
2020-11-03,"Prop A — Project Connect transit tax",Our Mobility Our Future,against,242457,176166,passed,"https://ballotpedia.org/Austin,_Texas,_Proposition_A,_Property_Tax_(November_2020)","Opposition PAC campaigned AGAINST the Project Connect tax; measure passed anyway. votes_for/against are the measure's Yes/No."
2021-05-01,"Prop B — public camping ban",Save Austin Now PAC,for,90498,66360,passed,"https://ballotpedia.org/Austin,_Texas,_Proposition_B,_Prohibition_on_Sitting,_Lying,_and_Camping_and_Limiting_Solicitation_in_Public_Areas_Initiative_(May_2021)","Save Austin Now petitioned and campaigned FOR reinstating the camping ban; it passed. Certified totals."
2021-05-01,"Prop B — public camping ban",Homes Not Handcuffs,against,90498,66360,passed,"https://ballotpedia.org/Austin,_Texas,_Proposition_B,_Prohibition_on_Sitting,_Lying,_and_Camping_and_Limiting_Solicitation_in_Public_Areas_Initiative_(May_2021)","Homes Not Handcuffs led the 'No on Prop B' campaign AGAINST the camping ban; measure passed. votes_for/against are the measure's Yes/No."
2021-05-01,"Prop F — strong-mayor government",Austinites for Progressive Reform,for,21805,132299,failed,"https://ballotpedia.org/Austin,_Texas,_Proposition_F,_Eliminate_City_Manager_and_Establish_Mayor-Council_Government_Initiative_(May_2021)","APR sponsored the May 2021 Prop D–H charter-reform slate; Prop F (its flagship strong-mayor measure) failed 86–14. Committee spend covered the multi-measure slate, attributed here to its lead measure."
2021-11-02,"Prop A — police minimum staffing",Save Austin Now PAC,for,46495,102969,failed,"https://ballotpedia.org/Austin,_Texas,_Proposition_A,_Police_Policies_on_Minimum_Number_of_Officers,_Training_Requirements,_and_Demographic_Representation_Initiative_(November_2021)","Save Austin Now petitioned and campaigned FOR the 2-officers-per-1,000 staffing mandate; voters rejected it 68–32. Certified totals."
2021-11-02,"Prop A — police minimum staffing",Equity Action,against,46495,102969,failed,"https://ballotpedia.org/Austin,_Texas,_Proposition_A,_Police_Policies_on_Minimum_Number_of_Officers,_Training_Requirements,_and_Demographic_Representation_Initiative_(November_2021)","Equity Action (Equity PAC) funded the 'No Way on Prop A' opposition; measure failed. votes_for/against are the measure's Yes/No."
2021-11-02,"Prop B — parkland exchange (Oracle land swap)",Grow Austin Parks,for,106972,38170,passed,"https://ballotpedia.org/Austin,_Texas,_Proposition_B,_Authorize_the_Lease_or_Sale_of_Parkland_Property_(November_2021)","Oracle-funded PAC campaigned FOR authorizing the South Lakeshore parkland swap; it passed 74–26. Certified totals."
2023-05-06,"Prop A — expanded police oversight",Equity Action,for,51919,13097,passed,"https://ballotpedia.org/Austin,_Texas,_Proposition_A,_Oversight_of_Police_Measure_(May_2023)","Equity Action authored and campaigned FOR the measure expanding Office of Police Oversight powers; it passed 80–20. Certified totals."
2023-05-06,"Prop B — competing police oversight limits",Voters for Oversight and Police Accountability,for,12137,52069,failed,"https://ballotpedia.org/Austin,_Texas,_Proposition_B,_Oversight_of_Police_Measure_(May_2023)","Despite its name, this Austin Police Association-funded PAC backed the competing Prop B that would CURTAIL oversight; voters rejected it 81–19. side=for reflects support for Prop B (the measure), not for oversight."
